timeStamp,elapsed,label,responseCode,responseMessage,threadName,dataType,success,failureMessage,bytes,sentBytes,grpThreads,allThreads,URL,Latency,IdleTime,Connect
1732145760703,72705,TriggerTask - Runtime Root to GrandChild,200,OK,Settings 1-28,text,true,,3202,388,125,125,https://canv2-dpperf-groundsnaplexmedium-fm.snaplogicdev.io/api/1/rest/feed/run/task/DpPerf/TriggeredTask/TriggeredTaskPerf/PerformanceRunChildToGrandChild,20086,0,3524
1732145761267,72499,TriggerTask - Runtime Root to GrandChild,200,OK,Settings 1-99,text,true,,3202,388,124,124,https://canv2-dpperf-groundsnaplexmedium-fm.snaplogicdev.io/api/1/rest/feed/run/task/DpPerf/TriggeredTask/TriggeredTaskPerf/PerformanceRunChildToGrandChild,18641,0,2520
1732145760902,73004,TriggerTask - Runtime Root to GrandChild,200,OK,Settings 1-53,text,true,,3202,388,123,123,https://canv2-dpperf-groundsnaplexmedium-fm.snaplogicdev.io/api/1/rest/feed/run/task/DpPerf/TriggeredTask/TriggeredTaskPerf/PerformanceRunChildToGrandChild,16243,0,1527
1732145761294,72747,TriggerTask - Runtime Root to GrandChild,200,OK,Settings 1-102,text,true,,3202,388,122,122,https://canv2-dpperf-groundsnaplexmedium-fm.snaplogicdev.io/api/1/rest/feed/run/task/DpPerf/TriggeredTask/TriggeredTaskPerf/PerformanceRunChildToGrandChild,16862,0,1526
1732145761395,72676,TriggerTask - Runtime Root to GrandChild,200,OK,Settings 1-115,text,true,,3202,388,121,121,https://canv2-dpperf-groundsnaplexmedium-fm.snaplogicdev.io/api/1/rest/feed/run/task/DpPerf/TriggeredTask/TriggeredTaskPerf/PerformanceRunChildToGrandChild,15416,0,1519
1732145761227,72865,TriggerTask - Runtime Root to GrandChild,200,OK,Settings 1-94,text,true,,3202,388,120,120,https://canv2-dpperf-groundsnaplexmedium-fm.snaplogicdev.io/api/1/rest/feed/run/task/DpPerf/TriggeredTask/TriggeredTaskPerf/PerformanceRunChildToGrandChild,17683,0,525
1732145760556,73563,TriggerTask - Runtime Root to GrandChild,200,OK,Settings 1-10,text,true,,3202,388,119,119,https://canv2-dpperf-groundsnaplexmedium-fm.snaplogicdev.io/api/1/rest/feed/run/task/DpPerf/TriggeredTask/TriggeredTaskPerf/PerformanceRunChildToGrandChild,19602,0,1555
1732145760591,73535,TriggerTask - Runtime Root to GrandChild,200,OK,Settings 1-14,text,true,,3202,388,118,118,https://canv2-dpperf-groundsnaplexmedium-fm.snaplogicdev.io/api/1/rest/feed/run/task/DpPerf/TriggeredTask/TriggeredTaskPerf/PerformanceRunChildToGrandChild,8155,0,708
1732145761142,73055,TriggerTask - Runtime Root to GrandChild,200,OK,Settings 1-83,text,true,,3202,388,117,117,https://canv2-dpperf-groundsnaplexmedium-fm.snaplogicdev.io/api/1/rest/feed/run/task/DpPerf/TriggeredTask/TriggeredTaskPerf/PerformanceRunChildToGrandChild,15781,0,528
1732145761091,73290,TriggerTask - Runtime Root to GrandChild,200,OK,Settings 1-77,text,true,,3202,388,116,116,https://canv2-dpperf-groundsnaplexmedium-fm.snaplogicdev.io/api/1/rest/feed/run/task/DpPerf/TriggeredTask/TriggeredTaskPerf/PerformanceRunChildToGrandChild,17008,0,1530
1732145760525,73906,TriggerTask - Runtime Root to GrandChild,200,OK,Settings 1-1,text,true,,3202,388,115,115,https://canv2-dpperf-groundsnaplexmedium-fm.snaplogicdev.io/api/1/rest/feed/run/task/DpPerf/TriggeredTask/TriggeredTaskPerf/PerformanceRunChildToGrandChild,72848,0,2616
1732145761285,73183,TriggerTask - Runtime Root to GrandChild,200,OK,Settings 1-101,text,true,,3202,388,114,114,https://canv2-dpperf-groundsnaplexmedium-fm.snaplogicdev.io/api/1/rest/feed/run/task/DpPerf/TriggeredTask/TriggeredTaskPerf/PerformanceRunChildToGrandChild,72124,0,518
1732145760631,73958,TriggerTask - Runtime Root to GrandChild,200,OK,Settings 1-19,text,true,,3202,388,113,113,https://canv2-dpperf-groundsnaplexmedium-fm.snaplogicdev.io/api/1/rest/feed/run/task/DpPerf/TriggeredTask/TriggeredTaskPerf/PerformanceRunChildToGrandChild,6272,0,674
1732145760954,73652,TriggerTask - Runtime Root to GrandChild,200,OK,Settings 1-60,text,true,,3202,388,112,112,https://canv2-dpperf-groundsnaplexmedium-fm.snaplogicdev.io/api/1/rest/feed/run/task/DpPerf/TriggeredTask/TriggeredTaskPerf/PerformanceRunChildToGrandChild,8614,0,520
1732145761159,73487,TriggerTask - Runtime Root to GrandChild,200,OK,Settings 1-85,text,true,,3202,388,111,111,https://canv2-dpperf-groundsnaplexmedium-fm.snaplogicdev.io/api/1/rest/feed/run/task/DpPerf/TriggeredTask/TriggeredTaskPerf/PerformanceRunChildToGrandChild,14769,0,520
1732145761194,73467,TriggerTask - Runtime Root to GrandChild,200,OK,Settings 1-90,text,true,,3202,388,110,110,https://canv2-dpperf-groundsnaplexmedium-fm.snaplogicdev.io/api/1/rest/feed/run/task/DpPerf/TriggeredTask/TriggeredTaskPerf/PerformanceRunChildToGrandChild,18726,0,1522
1732145761172,73537,TriggerTask - Runtime Root to GrandChild,200,OK,Settings 1-87,text,true,,3202,388,109,109,https://canv2-dpperf-groundsnaplexmedium-fm.snaplogicdev.io/api/1/rest/feed/run/task/DpPerf/TriggeredTask/TriggeredTaskPerf/PerformanceRunChildToGrandChild,18734,0,1519
1732145760951,73798,TriggerTask - Runtime Root to GrandChild,200,OK,Settings 1-59,text,true,,3202,388,108,108,https://canv2-dpperf-groundsnaplexmedium-fm.snaplogicdev.io/api/1/rest/feed/run/task/DpPerf/TriggeredTask/TriggeredTaskPerf/PerformanceRunChildToGrandChild,10013,0,514
1732145760622,74202,TriggerTask - Runtime Root to GrandChild,200,OK,Settings 1-18,text,true,,3202,388,107,107,https://canv2-dpperf-groundsnaplexmedium-fm.snaplogicdev.io/api/1/rest/feed/run/task/DpPerf/TriggeredTask/TriggeredTaskPerf/PerformanceRunChildToGrandChild,4026,0,678
1732145760759,74141,TriggerTask - Runtime Root to GrandChild,200,OK,Settings 1-35,text,true,,3202,388,106,106,https://canv2-dpperf-groundsnaplexmedium-fm.snaplogicdev.io/api/1/rest/feed/run/task/DpPerf/TriggeredTask/TriggeredTaskPerf/PerformanceRunChildToGrandChild,11489,0,1527
1732145761466,73609,TriggerTask - Runtime Root to GrandChild,200,OK,Settings 1-124,text,true,,3202,388,105,105,https://canv2-dpperf-groundsnaplexmedium-fm.snaplogicdev.io/api/1/rest/feed/run/task/DpPerf/TriggeredTask/TriggeredTaskPerf/PerformanceRunChildToGrandChild,19331,0,522
1732145760663,74744,TriggerTask - Runtime Root to GrandChild,200,OK,Settings 1-23,text,true,,3202,388,104,104,https://canv2-dpperf-groundsnaplexmedium-fm.snaplogicdev.io/api/1/rest/feed/run/task/DpPerf/TriggeredTask/TriggeredTaskPerf/PerformanceRunChildToGrandChild,9077,0,637
1732145761428,73993,TriggerTask - Runtime Root to GrandChild,200,OK,Settings 1-119,text,true,,3202,388,103,103,https://canv2-dpperf-groundsnaplexmedium-fm.snaplogicdev.io/api/1/rest/feed/run/task/DpPerf/TriggeredTask/TriggeredTaskPerf/PerformanceRunChildToGrandChild,72936,0,2522
1732145761279,74669,TriggerTask - Runtime Root to GrandChild,200,OK,Settings 1-100,text,true,,3202,388,102,102,https://canv2-dpperf-groundsnaplexmedium-fm.snaplogicdev.io/api/1/rest/feed/run/task/DpPerf/TriggeredTask/TriggeredTaskPerf/PerformanceRunChildToGrandChild,73577,0,519
1732145761103,74958,TriggerTask - Runtime Root to GrandChild,200,OK,Settings 1-78,text,true,,3202,388,101,101,https://canv2-dpperf-groundsnaplexmedium-fm.snaplogicdev.io/api/1/rest/feed/run/task/DpPerf/TriggeredTask/TriggeredTaskPerf/PerformanceRunChildToGrandChild,9836,0,517
1732145760919,75153,TriggerTask - Runtime Root to GrandChild,200,OK,Settings 1-55,text,true,,3202,388,100,100,https://canv2-dpperf-groundsnaplexmedium-fm.snaplogicdev.io/api/1/rest/feed/run/task/DpPerf/TriggeredTask/TriggeredTaskPerf/PerformanceRunChildToGrandChild,10020,0,519
1732145760992,75160,TriggerTask - Runtime Root to GrandChild,200,OK,Settings 1-64,text,true,,3202,388,99,99,https://canv2-dpperf-groundsnaplexmedium-fm.snaplogicdev.io/api/1/rest/feed/run/task/DpPerf/TriggeredTask/TriggeredTaskPerf/PerformanceRunChildToGrandChild,9923,0,522
1732145761113,75077,TriggerTask - Runtime Root to GrandChild,200,OK,Settings 1-79,text,true,,3202,388,98,98,https://canv2-dpperf-groundsnaplexmedium-fm.snaplogicdev.io/api/1/rest/feed/run/task/DpPerf/TriggeredTask/TriggeredTaskPerf/PerformanceRunChildToGrandChild,9797,0,516
1732145761151,75064,TriggerTask - Runtime Root to GrandChild,200,OK,Settings 1-84,text,true,,3202,388,97,97,https://canv2-dpperf-groundsnaplexmedium-fm.snaplogicdev.io/api/1/rest/feed/run/task/DpPerf/TriggeredTask/TriggeredTaskPerf/PerformanceRunChildToGrandChild,11442,0,519
1732145760871,75350,TriggerTask - Runtime Root to GrandChild,200,OK,Settings 1-49,text,true,,3202,388,96,96,https://canv2-dpperf-groundsnaplexmedium-fm.snaplogicdev.io/api/1/rest/feed/run/task/DpPerf/TriggeredTask/TriggeredTaskPerf/PerformanceRunChildToGrandChild,16047,0,523
1732145761405,74858,TriggerTask - Runtime Root to GrandChild,200,OK,Settings 1-116,text,true,,3202,388,95,95,https://canv2-dpperf-groundsnaplexmedium-fm.snaplogicdev.io/api/1/rest/feed/run/task/DpPerf/TriggeredTask/TriggeredTaskPerf/PerformanceRunChildToGrandChild,19863,0,522
1732145760943,75377,TriggerTask - Runtime Root to GrandChild,200,OK,Settings 1-58,text,true,,3202,388,94,94,https://canv2-dpperf-groundsnaplexmedium-fm.snaplogicdev.io/api/1/rest/feed/run/task/DpPerf/TriggeredTask/TriggeredTaskPerf/PerformanceRunChildToGrandChild,12104,0,512
1732145760531,76137,TriggerTask - Runtime Root to GrandChild,200,OK,Settings 1-7,text,true,,3202,388,93,93,https://canv2-dpperf-groundsnaplexmedium-fm.snaplogicdev.io/api/1/rest/feed/run/task/DpPerf/TriggeredTask/TriggeredTaskPerf/PerformanceRunChildToGrandChild,75078,0,1582
1732145760525,76172,TriggerTask - Runtime Root to GrandChild,200,OK,Settings 1-5,text,true,,3202,388,92,92,https://canv2-dpperf-groundsnaplexmedium-fm.snaplogicdev.io/api/1/rest/feed/run/task/DpPerf/TriggeredTask/TriggeredTaskPerf/PerformanceRunChildToGrandChild,20277,0,1589
1732145760551,76154,TriggerTask - Runtime Root to GrandChild,200,OK,Settings 1-9,text,true,,3202,388,91,91,https://canv2-dpperf-groundsnaplexmedium-fm.snaplogicdev.io/api/1/rest/feed/run/task/DpPerf/TriggeredTask/TriggeredTaskPerf/PerformanceRunChildToGrandChild,6967,0,749
1732145760719,76095,TriggerTask - Runtime Root to GrandChild,200,OK,Settings 1-30,text,true,,3202,388,90,90,https://canv2-dpperf-groundsnaplexmedium-fm.snaplogicdev.io/api/1/rest/feed/run/task/DpPerf/TriggeredTask/TriggeredTaskPerf/PerformanceRunChildToGrandChild,6834,0,581
1732145761478,75338,TriggerTask - Runtime Root to GrandChild,200,OK,Settings 1-125,text,true,,3202,388,90,90,https://canv2-dpperf-groundsnaplexmedium-fm.snaplogicdev.io/api/1/rest/feed/run/task/DpPerf/TriggeredTask/TriggeredTaskPerf/PerformanceRunChildToGrandChild,16665,0,517
1732145760815,76045,TriggerTask - Runtime Root to GrandChild,200,OK,Settings 1-42,text,true,,3202,388,88,88,https://canv2-dpperf-groundsnaplexmedium-fm.snaplogicdev.io/api/1/rest/feed/run/task/DpPerf/TriggeredTask/TriggeredTaskPerf/PerformanceRunChildToGrandChild,15791,0,534
1732145760863,76108,TriggerTask - Runtime Root to GrandChild,200,OK,Settings 1-48,text,true,,3202,388,87,87,https://canv2-dpperf-groundsnaplexmedium-fm.snaplogicdev.io/api/1/rest/feed/run/task/DpPerf/TriggeredTask/TriggeredTaskPerf/PerformanceRunChildToGrandChild,11013,0,523
1732145760606,76375,TriggerTask - Runtime Root to GrandChild,200,OK,Settings 1-16,text,true,,3202,388,86,86,https://canv2-dpperf-groundsnaplexmedium-fm.snaplogicdev.io/api/1/rest/feed/run/task/DpPerf/TriggeredTask/TriggeredTaskPerf/PerformanceRunChildToGrandChild,15204,0,1515
1732145761317,75733,TriggerTask - Runtime Root to GrandChild,200,OK,Settings 1-105,text,true,,3202,388,85,85,https://canv2-dpperf-groundsnaplexmedium-fm.snaplogicdev.io/api/1/rest/feed/run/task/DpPerf/TriggeredTask/TriggeredTaskPerf/PerformanceRunChildToGrandChild,19911,0,512
1732145761016,76067,TriggerTask - Runtime Root to GrandChild,200,OK,Settings 1-67,text,true,,3202,388,84,84,https://canv2-dpperf-groundsnaplexmedium-fm.snaplogicdev.io/api/1/rest/feed/run/task/DpPerf/TriggeredTask/TriggeredTaskPerf/PerformanceRunChildToGrandChild,15902,0,518
1732145761446,75655,TriggerTask - Runtime Root to GrandChild,200,OK,Settings 1-121,text,true,,3202,388,83,83,https://canv2-dpperf-groundsnaplexmedium-fm.snaplogicdev.io/api/1/rest/feed/run/task/DpPerf/TriggeredTask/TriggeredTaskPerf/PerformanceRunChildToGrandChild,14481,0,1520
1732145760707,76751,TriggerTask - Runtime Root to GrandChild,200,OK,Settings 1-29,text,true,,3202,388,82,82,https://canv2-dpperf-groundsnaplexmedium-fm.snaplogicdev.io/api/1/rest/feed/run/task/DpPerf/TriggeredTask/TriggeredTaskPerf/PerformanceRunChildToGrandChild,18006,0,2529
1732145760727,76730,TriggerTask - Runtime Root to GrandChild,200,OK,Settings 1-31,text,true,,3202,388,82,82,https://canv2-dpperf-groundsnaplexmedium-fm.snaplogicdev.io/api/1/rest/feed/run/task/DpPerf/TriggeredTask/TriggeredTaskPerf/PerformanceRunChildToGrandChild,2837,0,573
1732145760646,76811,TriggerTask - Runtime Root to GrandChild,200,OK,Settings 1-21,text,true,,3202,388,82,82,https://canv2-dpperf-groundsnaplexmedium-fm.snaplogicdev.io/api/1/rest/feed/run/task/DpPerf/TriggeredTask/TriggeredTaskPerf/PerformanceRunChildToGrandChild,19274,0,1517
1732145760936,76522,TriggerTask - Runtime Root to GrandChild,200,OK,Settings 1-57,text,true,,3202,388,82,82,https://canv2-dpperf-groundsnaplexmedium-fm.snaplogicdev.io/api/1/rest/feed/run/task/DpPerf/TriggeredTask/TriggeredTaskPerf/PerformanceRunChildToGrandChild,8218,0,517
1732145760751,76731,TriggerTask - Runtime Root to GrandChild,200,OK,Settings 1-34,text,true,,3202,388,78,78,https://canv2-dpperf-groundsnaplexmedium-fm.snaplogicdev.io/api/1/rest/feed/run/task/DpPerf/TriggeredTask/TriggeredTaskPerf/PerformanceRunChildToGrandChild,16060,0,548
1732145761310,76305,TriggerTask - Runtime Root to GrandChild,200,OK,Settings 1-104,text,true,,3202,388,77,77,https://canv2-dpperf-groundsnaplexmedium-fm.snaplogicdev.io/api/1/rest/feed/run/task/DpPerf/TriggeredTask/TriggeredTaskPerf/PerformanceRunChildToGrandChild,18589,0,519
1732145761130,76491,TriggerTask - Runtime Root to GrandChild,200,OK,Settings 1-82,text,true,,3202,388,76,76,https://canv2-dpperf-groundsnaplexmedium-fm.snaplogicdev.io/api/1/rest/feed/run/task/DpPerf/TriggeredTask/TriggeredTaskPerf/PerformanceRunChildToGrandChild,16950,0,522
1732145761122,76630,TriggerTask - Runtime Root to GrandChild,200,OK,Settings 1-81,text,true,,3202,388,75,75,https://canv2-dpperf-groundsnaplexmedium-fm.snaplogicdev.io/api/1/rest/feed/run/task/DpPerf/TriggeredTask/TriggeredTaskPerf/PerformanceRunChildToGrandChild,8446,0,517
1732145761422,76390,TriggerTask - Runtime Root to GrandChild,200,OK,Settings 1-118,text,true,,3202,388,74,74,https://canv2-dpperf-groundsnaplexmedium-fm.snaplogicdev.io/api/1/rest/feed/run/task/DpPerf/TriggeredTask/TriggeredTaskPerf/PerformanceRunChildToGrandChild,17290,0,519
1732145760798,77035,TriggerTask - Runtime Root to GrandChild,200,OK,Settings 1-40,text,true,,3202,388,73,73,https://canv2-dpperf-groundsnaplexmedium-fm.snaplogicdev.io/api/1/rest/feed/run/task/DpPerf/TriggeredTask/TriggeredTaskPerf/PerformanceRunChildToGrandChild,7948,0,527
1732145760734,77121,TriggerTask - Runtime Root to GrandChild,200,OK,Settings 1-32,text,true,,3202,388,72,72,https://canv2-dpperf-groundsnaplexmedium-fm.snaplogicdev.io/api/1/rest/feed/run/task/DpPerf/TriggeredTask/TriggeredTaskPerf/PerformanceRunChildToGrandChild,15729,0,566
1732145760879,77029,TriggerTask - Runtime Root to GrandChild,200,OK,Settings 1-50,text,true,,3202,388,71,71,https://canv2-dpperf-groundsnaplexmedium-fm.snaplogicdev.io/api/1/rest/feed/run/task/DpPerf/TriggeredTask/TriggeredTaskPerf/PerformanceRunChildToGrandChild,7444,0,520
1732145761114,76967,TriggerTask - Runtime Root to GrandChild,200,OK,Settings 1-80,text,true,,3202,388,70,70,https://canv2-dpperf-groundsnaplexmedium-fm.snaplogicdev.io/api/1/rest/feed/run/task/DpPerf/TriggeredTask/TriggeredTaskPerf/PerformanceRunChildToGrandChild,15027,0,522
1732145761415,76690,TriggerTask - Runtime Root to GrandChild,200,OK,Settings 1-117,text,true,,3202,388,69,69,https://canv2-dpperf-groundsnaplexmedium-fm.snaplogicdev.io/api/1/rest/feed/run/task/DpPerf/TriggeredTask/TriggeredTaskPerf/PerformanceRunChildToGrandChild,18545,0,518
1732145761214,76908,TriggerTask - Runtime Root to GrandChild,200,OK,Settings 1-92,text,true,,3202,388,68,68,https://canv2-dpperf-groundsnaplexmedium-fm.snaplogicdev.io/api/1/rest/feed/run/task/DpPerf/TriggeredTask/TriggeredTaskPerf/PerformanceRunChildToGrandChild,13667,0,513
1732145761359,76813,TriggerTask - Runtime Root to GrandChild,200,OK,Settings 1-110,text,true,,3202,388,67,67,https://canv2-dpperf-groundsnaplexmedium-fm.snaplogicdev.io/api/1/rest/feed/run/task/DpPerf/TriggeredTask/TriggeredTaskPerf/PerformanceRunChildToGrandChild,18565,0,1519
1732145760984,77348,TriggerTask - Runtime Root to GrandChild,200,OK,Settings 1-63,text,true,,3202,388,66,66,https://canv2-dpperf-groundsnaplexmedium-fm.snaplogicdev.io/api/1/rest/feed/run/task/DpPerf/TriggeredTask/TriggeredTaskPerf/PerformanceRunChildToGrandChild,8590,0,515
1732145761334,77052,TriggerTask - Runtime Root to GrandChild,200,OK,Settings 1-107,text,true,,3202,388,65,65,https://canv2-dpperf-groundsnaplexmedium-fm.snaplogicdev.io/api/1/rest/feed/run/task/DpPerf/TriggeredTask/TriggeredTaskPerf/PerformanceRunChildToGrandChild,19815,0,1520
1732145760854,77550,TriggerTask - Runtime Root to GrandChild,200,OK,Settings 1-47,text,true,,3202,388,64,64,https://canv2-dpperf-groundsnaplexmedium-fm.snaplogicdev.io/api/1/rest/feed/run/task/DpPerf/TriggeredTask/TriggeredTaskPerf/PerformanceRunChildToGrandChild,10225,0,541
1732145760822,77613,TriggerTask - Runtime Root to GrandChild,200,OK,Settings 1-43,text,true,,3202,388,63,63,https://canv2-dpperf-groundsnaplexmedium-fm.snaplogicdev.io/api/1/rest/feed/run/task/DpPerf/TriggeredTask/TriggeredTaskPerf/PerformanceRunChildToGrandChild,14137,0,527
1732145760525,78050,TriggerTask - Runtime Root to GrandChild,200,OK,Settings 1-2,text,true,,3202,388,62,62,https://canv2-dpperf-groundsnaplexmedium-fm.snaplogicdev.io/api/1/rest/feed/run/task/DpPerf/TriggeredTask/TriggeredTaskPerf/PerformanceRunChildToGrandChild,20740,0,1586
1732145760654,77951,TriggerTask - Runtime Root to GrandChild,200,OK,Settings 1-22,text,true,,3202,388,61,61,https://canv2-dpperf-groundsnaplexmedium-fm.snaplogicdev.io/api/1/rest/feed/run/task/DpPerf/TriggeredTask/TriggeredTaskPerf/PerformanceRunChildToGrandChild,76893,0,1524
1732145760783,77830,TriggerTask - Runtime Root to GrandChild,200,OK,Settings 1-38,text,true,,3202,388,60,60,https://canv2-dpperf-groundsnaplexmedium-fm.snaplogicdev.io/api/1/rest/feed/run/task/DpPerf/TriggeredTask/TriggeredTaskPerf/PerformanceRunChildToGrandChild,6120,0,522
1732145760525,78159,TriggerTask - Runtime Root to GrandChild,200,OK,Settings 1-4,text,true,,3202,388,59,59,https://canv2-dpperf-groundsnaplexmedium-fm.snaplogicdev.io/api/1/rest/feed/run/task/DpPerf/TriggeredTask/TriggeredTaskPerf/PerformanceRunChildToGrandChild,6428,0,775
1732145761075,77609,TriggerTask - Runtime Root to GrandChild,200,OK,Settings 1-75,text,true,,3202,388,59,59,https://canv2-dpperf-groundsnaplexmedium-fm.snaplogicdev.io/api/1/rest/feed/run/task/DpPerf/TriggeredTask/TriggeredTaskPerf/PerformanceRunChildToGrandChild,76550,0,2519
1732145760743,77966,TriggerTask - Runtime Root to GrandChild,200,OK,Settings 1-33,text,true,,3202,388,57,57,https://canv2-dpperf-groundsnaplexmedium-fm.snaplogicdev.io/api/1/rest/feed/run/task/DpPerf/TriggeredTask/TriggeredTaskPerf/PerformanceRunChildToGrandChild,10221,0,557
1732145761454,77277,TriggerTask - Runtime Root to GrandChild,200,OK,Settings 1-122,text,true,,3202,388,56,56,https://canv2-dpperf-groundsnaplexmedium-fm.snaplogicdev.io/api/1/rest/feed/run/task/DpPerf/TriggeredTask/TriggeredTaskPerf/PerformanceRunChildToGrandChild,19338,0,534
1732145760806,78484,TriggerTask - Runtime Root to GrandChild,200,OK,Settings 1-41,text,true,,3202,388,55,55,https://canv2-dpperf-groundsnaplexmedium-fm.snaplogicdev.io/api/1/rest/feed/run/task/DpPerf/TriggeredTask/TriggeredTaskPerf/PerformanceRunChildToGrandChild,8348,0,517
1732145760610,78893,TriggerTask - Runtime Root to GrandChild,200,OK,Settings 1-17,text,true,,3202,388,54,54,https://canv2-dpperf-groundsnaplexmedium-fm.snaplogicdev.io/api/1/rest/feed/run/task/DpPerf/TriggeredTask/TriggeredTaskPerf/PerformanceRunChildToGrandChild,11581,0,690
1732145761068,78441,TriggerTask - Runtime Root to GrandChild,200,OK,Settings 1-74,text,true,,3202,388,53,53,https://canv2-dpperf-groundsnaplexmedium-fm.snaplogicdev.io/api/1/rest/feed/run/task/DpPerf/TriggeredTask/TriggeredTaskPerf/PerformanceRunChildToGrandChild,13891,0,517
1732145761023,78486,TriggerTask - Runtime Root to GrandChild,200,OK,Settings 1-68,text,true,,3202,388,53,53,https://canv2-dpperf-groundsnaplexmedium-fm.snaplogicdev.io/api/1/rest/feed/run/task/DpPerf/TriggeredTask/TriggeredTaskPerf/PerformanceRunChildToGrandChild,13757,0,527
1732145760910,78613,TriggerTask - Runtime Root to GrandChild,200,OK,Settings 1-54,text,true,,3202,388,51,51,https://canv2-dpperf-groundsnaplexmedium-fm.snaplogicdev.io/api/1/rest/feed/run/task/DpPerf/TriggeredTask/TriggeredTaskPerf/PerformanceRunChildToGrandChild,9180,0,533
1732145760790,78739,TriggerTask - Runtime Root to GrandChild,200,OK,Settings 1-39,text,true,,3202,388,50,50,https://canv2-dpperf-groundsnaplexmedium-fm.snaplogicdev.io/api/1/rest/feed/run/task/DpPerf/TriggeredTask/TriggeredTaskPerf/PerformanceRunChildToGrandChild,17114,0,515
1732145761007,78559,TriggerTask - Runtime Root to GrandChild,200,OK,Settings 1-66,text,true,,3202,388,49,49,https://canv2-dpperf-groundsnaplexmedium-fm.snaplogicdev.io/api/1/rest/feed/run/task/DpPerf/TriggeredTask/TriggeredTaskPerf/PerformanceRunChildToGrandChild,13733,0,518
1732145760566,79001,TriggerTask - Runtime Root to GrandChild,200,OK,Settings 1-11,text,true,,3202,388,49,49,https://canv2-dpperf-groundsnaplexmedium-fm.snaplogicdev.io/api/1/rest/feed/run/task/DpPerf/TriggeredTask/TriggeredTaskPerf/PerformanceRunChildToGrandChild,7361,0,739
1732145761378,78195,TriggerTask - Runtime Root to GrandChild,200,OK,Settings 1-113,text,true,,3202,388,47,47,https://canv2-dpperf-groundsnaplexmedium-fm.snaplogicdev.io/api/1/rest/feed/run/task/DpPerf/TriggeredTask/TriggeredTaskPerf/PerformanceRunChildToGrandChild,13369,0,524
1732145760691,78886,TriggerTask - Runtime Root to GrandChild,200,OK,Settings 1-27,text,true,,3202,388,46,46,https://canv2-dpperf-groundsnaplexmedium-fm.snaplogicdev.io/api/1/rest/feed/run/task/DpPerf/TriggeredTask/TriggeredTaskPerf/PerformanceRunChildToGrandChild,5554,0,609
1732145761374,78278,TriggerTask - Runtime Root to GrandChild,200,OK,Settings 1-112,text,true,,3202,388,45,45,https://canv2-dpperf-groundsnaplexmedium-fm.snaplogicdev.io/api/1/rest/feed/run/task/DpPerf/TriggeredTask/TriggeredTaskPerf/PerformanceRunChildToGrandChild,13765,0,524
1732145760997,78656,TriggerTask - Runtime Root to GrandChild,200,OK,Settings 1-65,text,true,,3202,388,45,45,https://canv2-dpperf-groundsnaplexmedium-fm.snaplogicdev.io/api/1/rest/feed/run/task/DpPerf/TriggeredTask/TriggeredTaskPerf/PerformanceRunChildToGrandChild,13765,0,518
1732145760927,78726,TriggerTask - Runtime Root to GrandChild,200,OK,Settings 1-56,text,true,,3202,388,45,45,https://canv2-dpperf-groundsnaplexmedium-fm.snaplogicdev.io/api/1/rest/feed/run/task/DpPerf/TriggeredTask/TriggeredTaskPerf/PerformanceRunChildToGrandChild,15003,0,516
1732145761166,78487,TriggerTask - Runtime Root to GrandChild,200,OK,Settings 1-86,text,true,,3202,388,45,45,https://canv2-dpperf-groundsnaplexmedium-fm.snaplogicdev.io/api/1/rest/feed/run/task/DpPerf/TriggeredTask/TriggeredTaskPerf/PerformanceRunChildToGrandChild,10657,0,515
1732145760686,78970,TriggerTask - Runtime Root to GrandChild,200,OK,Settings 1-26,text,true,,3202,388,41,41,https://canv2-dpperf-groundsnaplexmedium-fm.snaplogicdev.io/api/1/rest/feed/run/task/DpPerf/TriggeredTask/TriggeredTaskPerf/PerformanceRunChildToGrandChild,10279,0,616
1732145760976,78682,TriggerTask - Runtime Root to GrandChild,200,OK,Settings 1-62,text,true,,3202,388,41,41,https://canv2-dpperf-groundsnaplexmedium-fm.snaplogicdev.io/api/1/rest/feed/run/task/DpPerf/TriggeredTask/TriggeredTaskPerf/PerformanceRunChildToGrandChild,14952,0,538
1732145760775,78881,TriggerTask - Runtime Root to GrandChild,200,OK,Settings 1-37,text,true,,3202,388,41,41,https://canv2-dpperf-groundsnaplexmedium-fm.snaplogicdev.io/api/1/rest/feed/run/task/DpPerf/TriggeredTask/TriggeredTaskPerf/PerformanceRunChildToGrandChild,16143,0,2522
1732145760826,78831,TriggerTask - Runtime Root to GrandChild,200,OK,Settings 1-44,text,true,,3202,388,41,41,https://canv2-dpperf-groundsnaplexmedium-fm.snaplogicdev.io/api/1/rest/feed/run/task/DpPerf/TriggeredTask/TriggeredTaskPerf/PerformanceRunChildToGrandChild,7920,0,523
1732145761181,78477,TriggerTask - Runtime Root to GrandChild,200,OK,Settings 1-88,text,true,,3202,388,41,41,https://canv2-dpperf-groundsnaplexmedium-fm.snaplogicdev.io/api/1/rest/feed/run/task/DpPerf/TriggeredTask/TriggeredTaskPerf/PerformanceRunChildToGrandChild,14753,0,522
1732145761239,78421,TriggerTask - Runtime Root to GrandChild,200,OK,Settings 1-95,text,true,,3202,388,37,37,https://canv2-dpperf-groundsnaplexmedium-fm.snaplogicdev.io/api/1/rest/feed/run/task/DpPerf/TriggeredTask/TriggeredTaskPerf/PerformanceRunChildToGrandChild,13717,0,511
1732145761435,78248,TriggerTask - Runtime Root to GrandChild,200,OK,Settings 1-120,text,true,,3202,388,35,35,https://canv2-dpperf-groundsnaplexmedium-fm.snaplogicdev.io/api/1/rest/feed/run/task/DpPerf/TriggeredTask/TriggeredTaskPerf/PerformanceRunChildToGrandChild,18727,0,518
1732145760543,79140,TriggerTask - Runtime Root to GrandChild,200,OK,Settings 1-8,text,true,,3202,388,35,35,https://canv2-dpperf-groundsnaplexmedium-fm.snaplogicdev.io/api/1/rest/feed/run/task/DpPerf/TriggeredTask/TriggeredTaskPerf/PerformanceRunChildToGrandChild,20249,0,1571
1732145761457,78274,TriggerTask - Runtime Root to GrandChild,200,OK,Settings 1-123,text,true,,3202,388,33,33,https://canv2-dpperf-groundsnaplexmedium-fm.snaplogicdev.io/api/1/rest/feed/run/task/DpPerf/TriggeredTask/TriggeredTaskPerf/PerformanceRunChildToGrandChild,19332,0,1516
1732145761342,78411,TriggerTask - Runtime Root to GrandChild,200,OK,Settings 1-108,text,true,,3202,388,32,32,https://canv2-dpperf-groundsnaplexmedium-fm.snaplogicdev.io/api/1/rest/feed/run/task/DpPerf/TriggeredTask/TriggeredTaskPerf/PerformanceRunChildToGrandChild,19915,0,521
1732145760846,78953,TriggerTask - Runtime Root to GrandChild,200,OK,Settings 1-46,text,true,,3202,388,31,31,https://canv2-dpperf-groundsnaplexmedium-fm.snaplogicdev.io/api/1/rest/feed/run/task/DpPerf/TriggeredTask/TriggeredTaskPerf/PerformanceRunChildToGrandChild,8308,0,542
1732145760583,79321,TriggerTask - Runtime Root to GrandChild,200,OK,Settings 1-13,text,true,,3202,388,30,30,https://canv2-dpperf-groundsnaplexmedium-fm.snaplogicdev.io/api/1/rest/feed/run/task/DpPerf/TriggeredTask/TriggeredTaskPerf/PerformanceRunChildToGrandChild,19333,0,2558
1732145760767,79149,TriggerTask - Runtime Root to GrandChild,200,OK,Settings 1-36,text,true,,3202,388,29,29,https://canv2-dpperf-groundsnaplexmedium-fm.snaplogicdev.io/api/1/rest/feed/run/task/DpPerf/TriggeredTask/TriggeredTaskPerf/PerformanceRunChildToGrandChild,6277,0,533
1732145760671,79257,TriggerTask - Runtime Root to GrandChild,200,OK,Settings 1-24,text,true,,3202,388,28,28,https://canv2-dpperf-groundsnaplexmedium-fm.snaplogicdev.io/api/1/rest/feed/run/task/DpPerf/TriggeredTask/TriggeredTaskPerf/PerformanceRunChildToGrandChild,9069,0,629
1732145761322,78606,TriggerTask - Runtime Root to GrandChild,200,OK,Settings 1-106,text,true,,3202,388,28,28,https://canv2-dpperf-groundsnaplexmedium-fm.snaplogicdev.io/api/1/rest/feed/run/task/DpPerf/TriggeredTask/TriggeredTaskPerf/PerformanceRunChildToGrandChild,7502,0,518
1732145761367,78562,TriggerTask - Runtime Root to GrandChild,200,OK,Settings 1-111,text,true,,3202,388,28,28,https://canv2-dpperf-groundsnaplexmedium-fm.snaplogicdev.io/api/1/rest/feed/run/task/DpPerf/TriggeredTask/TriggeredTaskPerf/PerformanceRunChildToGrandChild,13387,0,524
1732145761026,78902,TriggerTask - Runtime Root to GrandChild,200,OK,Settings 1-69,text,true,,3202,388,28,28,https://canv2-dpperf-groundsnaplexmedium-fm.snaplogicdev.io/api/1/rest/feed/run/task/DpPerf/TriggeredTask/TriggeredTaskPerf/PerformanceRunChildToGrandChild,10677,0,517
1732145760570,79425,TriggerTask - Runtime Root to GrandChild,200,OK,Settings 1-12,text,true,,3202,388,24,24,https://canv2-dpperf-groundsnaplexmedium-fm.snaplogicdev.io/api/1/rest/feed/run/task/DpPerf/TriggeredTask/TriggeredTaskPerf/PerformanceRunChildToGrandChild,20248,0,1541
1732145760962,79097,TriggerTask - Runtime Root to GrandChild,200,OK,Settings 1-61,text,true,,3202,388,23,23,https://canv2-dpperf-groundsnaplexmedium-fm.snaplogicdev.io/api/1/rest/feed/run/task/DpPerf/TriggeredTask/TriggeredTaskPerf/PerformanceRunChildToGrandChild,8612,0,512
1732145760839,79223,TriggerTask - Runtime Root to GrandChild,200,OK,Settings 1-45,text,true,,3202,388,22,22,https://canv2-dpperf-groundsnaplexmedium-fm.snaplogicdev.io/api/1/rest/feed/run/task/DpPerf/TriggeredTask/TriggeredTaskPerf/PerformanceRunChildToGrandChild,9443,0,521
1732145761301,78817,TriggerTask - Runtime Root to GrandChild,200,OK,Settings 1-103,text,true,,3202,388,21,21,https://canv2-dpperf-groundsnaplexmedium-fm.snaplogicdev.io/api/1/rest/feed/run/task/DpPerf/TriggeredTask/TriggeredTaskPerf/PerformanceRunChildToGrandChild,14626,0,2519
1732145761263,78893,TriggerTask - Runtime Root to GrandChild,200,OK,Settings 1-98,text,true,,3202,388,20,20,https://canv2-dpperf-groundsnaplexmedium-fm.snaplogicdev.io/api/1/rest/feed/run/task/DpPerf/TriggeredTask/TriggeredTaskPerf/PerformanceRunChildToGrandChild,20005,0,516
1732145761257,78942,TriggerTask - Runtime Root to GrandChild,200,OK,Settings 1-96,text,true,,3202,388,19,19,https://canv2-dpperf-groundsnaplexmedium-fm.snaplogicdev.io/api/1/rest/feed/run/task/DpPerf/TriggeredTask/TriggeredTaskPerf/PerformanceRunChildToGrandChild,13486,0,522
1732145761086,79208,TriggerTask - Runtime Root to GrandChild,200,OK,Settings 1-76,text,true,,3202,388,18,18,https://canv2-dpperf-groundsnaplexmedium-fm.snaplogicdev.io/api/1/rest/feed/run/task/DpPerf/TriggeredTask/TriggeredTaskPerf/PerformanceRunChildToGrandChild,13899,0,515
1732145760895,79444,TriggerTask - Runtime Root to GrandChild,200,OK,Settings 1-52,text,true,,3202,388,17,17,https://canv2-dpperf-groundsnaplexmedium-fm.snaplogicdev.io/api/1/rest/feed/run/task/DpPerf/TriggeredTask/TriggeredTaskPerf/PerformanceRunChildToGrandChild,15035,0,527
1732145761046,79390,TriggerTask - Runtime Root to GrandChild,200,OK,Settings 1-71,text,true,,3202,388,16,16,https://canv2-dpperf-groundsnaplexmedium-fm.snaplogicdev.io/api/1/rest/feed/run/task/DpPerf/TriggeredTask/TriggeredTaskPerf/PerformanceRunChildToGrandChild,8535,0,520
1732145761062,79389,TriggerTask - Runtime Root to GrandChild,200,OK,Settings 1-73,text,true,,3202,388,15,15,https://canv2-dpperf-groundsnaplexmedium-fm.snaplogicdev.io/api/1/rest/feed/run/task/DpPerf/TriggeredTask/TriggeredTaskPerf/PerformanceRunChildToGrandChild,13919,0,518
1732145761385,79103,TriggerTask - Runtime Root to GrandChild,200,OK,Settings 1-114,text,true,,3202,388,14,14,https://canv2-dpperf-groundsnaplexmedium-fm.snaplogicdev.io/api/1/rest/feed/run/task/DpPerf/TriggeredTask/TriggeredTaskPerf/PerformanceRunChildToGrandChild,19764,0,524
1732145760639,79875,TriggerTask - Runtime Root to GrandChild,200,OK,Settings 1-20,text,true,,3202,388,13,13,https://canv2-dpperf-groundsnaplexmedium-fm.snaplogicdev.io/api/1/rest/feed/run/task/DpPerf/TriggeredTask/TriggeredTaskPerf/PerformanceRunChildToGrandChild,9096,0,661
1732145761190,79354,TriggerTask - Runtime Root to GrandChild,200,OK,Settings 1-89,text,true,,3202,388,12,12,https://canv2-dpperf-groundsnaplexmedium-fm.snaplogicdev.io/api/1/rest/feed/run/task/DpPerf/TriggeredTask/TriggeredTaskPerf/PerformanceRunChildToGrandChild,13773,0,519
1732145761219,79350,TriggerTask - Runtime Root to GrandChild,200,OK,Settings 1-93,text,true,,3202,388,11,11,https://canv2-dpperf-groundsnaplexmedium-fm.snaplogicdev.io/api/1/rest/feed/run/task/DpPerf/TriggeredTask/TriggeredTaskPerf/PerformanceRunChildToGrandChild,14660,0,516
1732145760598,79983,TriggerTask - Runtime Root to GrandChild,200,OK,Settings 1-15,text,true,,3202,388,10,10,https://canv2-dpperf-groundsnaplexmedium-fm.snaplogicdev.io/api/1/rest/feed/run/task/DpPerf/TriggeredTask/TriggeredTaskPerf/PerformanceRunChildToGrandChild,5702,0,702
1732145760525,80073,TriggerTask - Runtime Root to GrandChild,200,OK,Settings 1-3,text,true,,3202,388,9,9,https://canv2-dpperf-groundsnaplexmedium-fm.snaplogicdev.io/api/1/rest/feed/run/task/DpPerf/TriggeredTask/TriggeredTaskPerf/PerformanceRunChildToGrandChild,20265,0,1586
1732145761206,79404,TriggerTask - Runtime Root to GrandChild,200,OK,Settings 1-91,text,true,,3202,388,8,8,https://canv2-dpperf-groundsnaplexmedium-fm.snaplogicdev.io/api/1/rest/feed/run/task/DpPerf/TriggeredTask/TriggeredTaskPerf/PerformanceRunChildToGrandChild,9733,0,515
1732145760887,79746,TriggerTask - Runtime Root to GrandChild,200,OK,Settings 1-51,text,true,,3202,388,7,7,https://canv2-dpperf-groundsnaplexmedium-fm.snaplogicdev.io/api/1/rest/feed/run/task/DpPerf/TriggeredTask/TriggeredTaskPerf/PerformanceRunChildToGrandChild,6063,0,520
1732145761036,79624,TriggerTask - Runtime Root to GrandChild,200,OK,Settings 1-70,text,true,,3202,388,6,6,https://canv2-dpperf-groundsnaplexmedium-fm.snaplogicdev.io/api/1/rest/feed/run/task/DpPerf/TriggeredTask/TriggeredTaskPerf/PerformanceRunChildToGrandChild,12744,0,513
1732145760525,80180,TriggerTask - Runtime Root to GrandChild,200,OK,Settings 1-6,text,true,,3202,388,5,5,https://canv2-dpperf-groundsnaplexmedium-fm.snaplogicdev.io/api/1/rest/feed/run/task/DpPerf/TriggeredTask/TriggeredTaskPerf/PerformanceRunChildToGrandChild,17583,0,2587
1732145761054,79654,TriggerTask - Runtime Root to GrandChild,200,OK,Settings 1-72,text,true,,3202,388,4,4,https://canv2-dpperf-groundsnaplexmedium-fm.snaplogicdev.io/api/1/rest/feed/run/task/DpPerf/TriggeredTask/TriggeredTaskPerf/PerformanceRunChildToGrandChild,14875,0,524
1732145761350,79393,TriggerTask - Runtime Root to GrandChild,200,OK,Settings 1-109,text,true,,3202,388,3,3,https://canv2-dpperf-groundsnaplexmedium-fm.snaplogicdev.io/api/1/rest/feed/run/task/DpPerf/TriggeredTask/TriggeredTaskPerf/PerformanceRunChildToGrandChild,16797,0,526
1732145760678,80464,TriggerTask - Runtime Root to GrandChild,200,OK,Settings 1-25,text,true,,3202,388,2,2,https://canv2-dpperf-groundsnaplexmedium-fm.snaplogicdev.io/api/1/rest/feed/run/task/DpPerf/TriggeredTask/TriggeredTaskPerf/PerformanceRunChildToGrandChild,13030,0,622
1732221393369,37048,TriggerTask - Runtime Root to GrandChild,200,OK,Settings 1-5,text,true,,3202,387,5,5,https://canv2-dpperf-cloudsnaplexmedium-fm.snaplogicdev.io/api/1/rest/feed/run/task/DpPerf/TriggeredTask/TriggeredTaskPerf/PerformanceRunChildToGrandChild,1592,0,530
1732221392772,40273,TriggerTask - Runtime Root to GrandChild,200,OK,Settings 1-2,text,true,,3202,387,4,4,https://canv2-dpperf-cloudsnaplexmedium-fm.snaplogicdev.io/api/1/rest/feed/run/task/DpPerf/TriggeredTask/TriggeredTaskPerf/PerformanceRunChildToGrandChild,1967,0,601
1732221393168,40027,TriggerTask - Runtime Root to GrandChild,200,OK,Settings 1-4,text,true,,3202,387,3,3,https://canv2-dpperf-cloudsnaplexmedium-fm.snaplogicdev.io/api/1/rest/feed/run/task/DpPerf/TriggeredTask/TriggeredTaskPerf/PerformanceRunChildToGrandChild,1660,0,590
1732221392604,40630,TriggerTask - Runtime Root to GrandChild,200,OK,Settings 1-1,text,true,,3202,387,2,2,https://canv2-dpperf-cloudsnaplexmedium-fm.snaplogicdev.io/api/1/rest/feed/run/task/DpPerf/TriggeredTask/TriggeredTaskPerf/PerformanceRunChildToGrandChild,2135,0,769
1732221392972,40289,TriggerTask - Runtime Root to GrandChild,200,OK,Settings 1-3,text,true,,3202,387,1,1,https://canv2-dpperf-cloudsnaplexmedium-fm.snaplogicdev.io/api/1/rest/feed/run/task/DpPerf/TriggeredTask/TriggeredTaskPerf/PerformanceRunChildToGrandChild,1767,0,529
1732221526739,36396,TriggerTask - Runtime Root to GrandChild,200,OK,Settings 1-3,text,true,,3202,387,5,5,https://canv2-dpperf-cloudsnaplexmedium-fm.snaplogicdev.io/api/1/rest/feed/run/task/DpPerf/TriggeredTask/TriggeredTaskPerf/PerformanceRunChildToGrandChild,1764,0,700
1732221526367,36710,TriggerTask - Runtime Root to GrandChild,200,OK,Settings 1-1,text,true,,3202,387,5,5,https://canv2-dpperf-cloudsnaplexmedium-fm.snaplogicdev.io/api/1/rest/feed/run/task/DpPerf/TriggeredTask/TriggeredTaskPerf/PerformanceRunChildToGrandChild,1745,0,675
1732221527132,38916,TriggerTask - Runtime Root to GrandChild,200,OK,Settings 1-5,text,true,,3202,387,3,3,https://canv2-dpperf-cloudsnaplexmedium-fm.snaplogicdev.io/api/1/rest/feed/run/task/DpPerf/TriggeredTask/TriggeredTaskPerf/PerformanceRunChildToGrandChild,1598,0,539
1732221526934,39218,TriggerTask - Runtime Root to GrandChild,200,OK,Settings 1-4,text,true,,3202,387,2,2,https://canv2-dpperf-cloudsnaplexmedium-fm.snaplogicdev.io/api/1/rest/feed/run/task/DpPerf/TriggeredTask/TriggeredTaskPerf/PerformanceRunChildToGrandChild,1604,0,538
1732221526536,39616,TriggerTask - Runtime Root to GrandChild,200,OK,Settings 1-2,text,true,,3202,387,2,2,https://canv2-dpperf-cloudsnaplexmedium-fm.snaplogicdev.io/api/1/rest/feed/run/task/DpPerf/TriggeredTask/TriggeredTaskPerf/PerformanceRunChildToGrandChild,1588,0,515
1732221580607,44854,TriggerTask - Runtime Root to GrandChild,200,OK,Settings 1-1,text,true,,3202,388,5,5,https://canv2-dpperf-groundsnaplexmedium-fm.snaplogicdev.io/api/1/rest/feed/run/task/DpPerf/TriggeredTask/TriggeredTaskPerf/PerformanceRunChildToGrandChild,2035,0,747
1732221581177,44640,TriggerTask - Runtime Root to GrandChild,200,OK,Settings 1-4,text,true,,3202,388,4,4,https://canv2-dpperf-groundsnaplexmedium-fm.snaplogicdev.io/api/1/rest/feed/run/task/DpPerf/TriggeredTask/TriggeredTaskPerf/PerformanceRunChildToGrandChild,1613,0,535
1732221580979,44941,TriggerTask - Runtime Root to GrandChild,200,OK,Settings 1-3,text,true,,3202,388,3,3,https://canv2-dpperf-groundsnaplexmedium-fm.snaplogicdev.io/api/1/rest/feed/run/task/DpPerf/TriggeredTask/TriggeredTaskPerf/PerformanceRunChildToGrandChild,1664,0,524
1732221580777,45143,TriggerTask - Runtime Root to GrandChild,200,OK,Settings 1-2,text,true,,3202,388,3,3,https://canv2-dpperf-groundsnaplexmedium-fm.snaplogicdev.io/api/1/rest/feed/run/task/DpPerf/TriggeredTask/TriggeredTaskPerf/PerformanceRunChildToGrandChild,1866,0,609
1732221581376,44704,TriggerTask - Runtime Root to GrandChild,200,OK,Settings 1-5,text,true,,3202,388,1,1,https://canv2-dpperf-groundsnaplexmedium-fm.snaplogicdev.io/api/1/rest/feed/run/task/DpPerf/TriggeredTask/TriggeredTaskPerf/PerformanceRunChildToGrandChild,1682,0,599
1732226811018,45771,TriggerTask - Runtime Root to GrandChild,200,OK,Settings 1-5,text,true,,3202,388,5,5,https://canv2-dpperf-groundsnaplexmedium-fm.snaplogicdev.io/api/1/rest/feed/run/task/DpPerf/TriggeredTask/TriggeredTaskPerf/PerformanceRunChildToGrandChild,1613,0,549
1732226810416,46351,TriggerTask - Runtime Root to GrandChild,200,OK,Settings 1-2,text,true,,3202,388,5,5,https://canv2-dpperf-groundsnaplexmedium-fm.snaplogicdev.io/api/1/rest/feed/run/task/DpPerf/TriggeredTask/TriggeredTaskPerf/PerformanceRunChildToGrandChild,1837,0,546
1732226810621,46170,TriggerTask - Runtime Root to GrandChild,200,OK,Settings 1-3,text,true,,3202,388,5,5,https://canv2-dpperf-groundsnaplexmedium-fm.snaplogicdev.io/api/1/rest/feed/run/task/DpPerf/TriggeredTask/TriggeredTaskPerf/PerformanceRunChildToGrandChild,1632,0,531
1732226810817,46040,TriggerTask - Runtime Root to GrandChild,200,OK,Settings 1-4,text,true,,3202,388,5,5,https://canv2-dpperf-groundsnaplexmedium-fm.snaplogicdev.io/api/1/rest/feed/run/task/DpPerf/TriggeredTask/TriggeredTaskPerf/PerformanceRunChildToGrandChild,1583,0,523
1732226810253,51181,TriggerTask - Runtime Root to GrandChild,200,OK,Settings 1-1,text,true,,3202,388,1,1,https://canv2-dpperf-groundsnaplexmedium-fm.snaplogicdev.io/api/1/rest/feed/run/task/DpPerf/TriggeredTask/TriggeredTaskPerf/PerformanceRunChildToGrandChild,2000,0,709
